resources.tasks,Algebraic assembly,Algebraic solve,Postprocess,Preprocessing
1,23.490592,36.9818138,139.539041,305.035095
2,12.7268747,20.0516224,103.704996,190.573178
4,6.421472,10.9457713,52.9865343,106.47137
8,3.33734004,6.41505399,27.8868771,63.2611321
16,1.81839775,4.76871301,16.1445095,41.4394201
32,1.07408123,3.04505467,9.43846954,33.4582066
64,0.640280727,2.08493051,5.62720839,28.7323049
128,0.496787489,1.81195123,5.87657176,25.4720126
256,0.790642756,25.2116132,6.77773885,25.790418
384,0.608629302,27.7011298,8.74619427,26.6407574
