application_id,sheet_row,latex_spec,responsible,wp_mapping,application_type,software_framework,status_maturity,benchmark_scope,metrics,repository_url,specification_url,discrepancies,required_action
app-feelpp-discr-1,2,chapters/applications/specs/app-feelpp-discr-1.tex,"V. Chabannes; C. Prud'homme","WP1, WP3",extended-mini-app,"Feel++; PETSc",benchmark-ready,"full-system; method-verification; solver-scaling","benchmark-verification; strong-scalability; weak-scalability; io-scaling",https://github.com/numpex/apps-feelpp,,"Sheet names Javier Cladellas as WP7 engineer; LaTeX names Thomas Saigre; Sheet has no tex_url","Confirm engineer and add versioned spec URL; do not infer reproducibility from status"
app-feelpp-distance,3,chapters/applications/specs/app-feelpp-distance.tex,"V. Chabannes; C. Prud'homme",WP1,mini-app,Feel++,benchmark-ready,"multi-node; full-system; solver-scaling","analytical-solution-match; strong-scalability; weak-scalability",https://github.com/numpex/apps-feelpp,,"LaTeX metadata omits Sheet metrics and status","Synchronize metadata and record software commit and latest run"
app-feelpp-nlcrb,4,chapters/applications/specs/app-feelpp-nlcrb.tex,"C. Prud'homme; J. Aghili","WP2, WP1, WP3",extended-mini-app,"Feel++; PETSc; PyTorch",spec-only,"multi-node; multi-gpu","benchmark-verification; basis-size; online-speedup",https://github.com/numpex/apps-feelpp,,"Prototype due 2026-07-01 has passed; no versioned implementation evidence supplied","Owner must update status or document delay and evidence"
app-feelpp-rb,5,chapters/applications/specs/app-feelpp-rb.tex,C. Prud'homme,"WP1, WP2, WP3",extended-mini-app,Feel++,benchmark-ready,multi-node,"benchmark-verification; offline-cost; online-speedup; basis-size; hyper-reduction-efficiency",https://github.com/numpex/apps-feelpp,,"Sheet names Javier Cladellas as WP7 engineer; LaTeX names Thomas Saigre","Confirm engineer and attach raw results and environment"
app-feelpp-io,6,chapters/applications/specs/app-feelpp-io.tex,"V. Chabannes; C. Prud'homme",WP1,mini-app,"Feel++; PETSc",status-missing,scope-missing,metrics-missing,https://github.com/numpex/apps-feelpp,,"LaTeX says WP1/WP6 and benchmark-ready but Sheet says WP1 and leaves status/scope/metrics empty","Resolve WP6 and status conflict in Sheet; retain versioned configs/results as evidence"
app-feelpp-toolbox,7,chapters/applications/specs/app-proposed.tex,"V. Chabannes; C. Prud'homme","WP1, WP3",demonstrator,Feel++,status-missing,scope-missing,metrics-missing,,,"Sheet lacks framework/status/metrics and notes that HiFiMagnet work moved to three dedicated applications","Define residual toolbox scope or supersede explicitly after editorial decision"
app-hpddm-dfn,8,chapters/applications/specs/app-hpddm-dfn.tex,P. Jolivet,WP3,mini-app,"HPDDM; PETSc; MUMPS; PaStiX",benchmark-ready,"solver-scaling; multi-node","strong-scalability; weak-scalability; time-to-solution; io-scaling; relative-error",,,"No repo_url or tex_url in Sheet; LaTeX gives no versioned raw-data location","Provide application repository/configuration and evidence before reproducible claim"
app-freefem-parmmg,9,chapters/applications/specs/app-freefem-parmmg.tex,"P. Jolivet; P.-H. Tournier","WP1, WP3",extended-mini-app,"FreeFEM++; MMG/ParMmg; PETSc; Feel++",benchmark-ready,"multi-node; method-verification; workflow-component","strong-scalability; weak-scalability; io-scaling",,,"No repo_url or tex_url in Sheet; LaTeX expected-results wording is not evidence","Provide executable configuration and raw-data link"
app-zellij,10,chapters/applications/specs/app-proposed.tex,E-G. Talbi,WP5,mini-app,Zellij,brainstorming,not-defined,not-defined,,,"No repository or detailed specification URL","Complete specification and decide benchmark scope"
app-eki,11,chapters/applications/specs/app-proposed.tex,M. Asch,WP4,mini-app,"PETSc; GeoS",spec-only,ensemble-mode,"manufactured-solution; weak-scalability",,,"Sheet assigns only WP4 while LaTeX describes WP1/WP4/WP6 method contributions","WP4 leader must resolve WP mapping and provide repo/spec URL"
app-freefem-shape-opt-fem,12,chapters/applications/specs/app-proposed.tex,Victor Dansac,WP5,type-missing,FreeFEM++,brainstorming,not-defined,not-defined,,,"LaTeX baseline used app-ffpp-shape-opt-fem; Sheet uses app-freefem-shape-opt-fem","Canonicalize LaTeX label to Sheet ID and complete type/specification"
app-scimba-shape-opt-nn,13,chapters/applications/specs/app-proposed.tex,Victor Dansac,WP5,type-missing,Scimba,brainstorming,not-defined,not-defined,,,"Application type and evidence URLs missing","Complete identity and benchmark plan"
app-scimba-plasma,14,chapters/applications/specs/app-proposed.tex,Emmanuel Franck,WP2,mini-app,Scimba,status-missing,not-defined,not-defined,,,"Sheet omits framework/status/metrics; framework comes from LaTeX purpose record","Confirm framework and supply operational status"
app-scimba-hybrid,15,chapters/applications/specs/app-proposed.tex,Emmanuel Franck,WP2,demonstrator,Scimba,status-missing,not-defined,not-defined,,,"Sheet omits framework/status/metrics; framework comes from LaTeX purpose record","Confirm framework and supply operational status"
app-feelpp-thermomeca-1,16,chapters/applications/specs/app-feelpp-thermomeca-1.tex,"V. Chabannes; C. Prud'homme; I. Ramière; H. Barucq","WP1, WP3",demonstrator,Feel++,implementation-in-progress,"multi-node; solver-scaling; method-verification","strong-scalability; time-to-solution; relative-error",https://github.com/numpex/apps-feelpp,,"No matching implementation path or tex_url observed at inspected apps-feelpp commit","Add versioned implementation/config and reviewed mathematical specification"
app-feelpp-ktirio-geom,17,chapters/applications/specs/app-feelpp-ktirio-geom.tex,"V. Chabannes; C. Prud'homme",WP1,demonstrator,"Feel++; CGAL",benchmark-in-progress,single-node,"strong-scalability; weak-scalability; time-to-solution",https://github.com/numpex/apps-feelpp,,"Single-node scope conflicts with weak/strong scalability wording unless thread scaling is intended","Clarify thread-scaling protocol and attach run evidence"
app-cgal-autorefine,18,chapters/applications/specs/app-cgal-autorefine.tex,"V. Chabannes; C. Prud'homme; P. Alliez",WP1,mini-app,CGAL,brainstorming,single-node,"strong-scalability; weak-scalability; time-to-solution",,,"No repo_url or tex_url; no executable benchmark evidence supplied","Provide application repository/configuration and define thread-scaling input series"
app-cgal-cdt2,19,chapters/applications/specs/app-cgal-cdt2.tex,"V. Chabannes; C. Prud'homme; P. Alliez",WP1,mini-app,CGAL,brainstorming,single-node,"weak-scalability; strong-scalability",,,"No repo_url or tex_url; no executable benchmark evidence supplied","Provide application repository/configuration and define verification oracle"
app-cgal-ccdt3,20,chapters/applications/specs/app-cgal-ccdt3.tex,"V. Chabannes; C. Prud'homme; P. Alliez",WP1,mini-app,CGAL,brainstorming,single-node,"weak-scalability; strong-scalability",,,"No repo_url or tex_url; no executable benchmark evidence supplied","Provide application repository/configuration and define verification oracle"
app-petsc-mixed-precision,21,chapters/applications/specs/app-petsc-mixed-precision.tex,P. Jolivet,WP3,mini-app,"PETSc; HPDDM; MUMPS",implementation-in-progress,solver-scaling,"time-to-solution; energy-to-solution",,,"No application repository/configuration or version in Sheet","Provide executable matrix/configuration and precision-accuracy acceptance criteria"
app-feelpp-mi300a-fem,22,chapters/applications/specs/app-feelpp-mi300a-fem.tex,"C. Prud'homme; V. Chabannes; P. Jolivet","WP1, WP3, WP7",extended-mini-app,"Feel++; PETSc; HPDDM",implementation-in-progress,"single-node; multi-node; multi-gpu; full-system; method-verification; solver-scaling","forward-residual; discretization-error; fixed-accuracy; time-to-solution; time-to-precision; nonlinear-and-linear-iterations; assembly-cost; solve-cost; memory-residency; host-device-transfers; strong-scalability; weak-scalability; multi-APU-scalability",https://github.com/numpex/apps-feelpp,https://docs.google.com/document/d/16fO_r3khpU4D4mh7PZ7GbXY_BBvup3gr0gRAt69doIU/edit,"Inspected repository has a HiFiMagnet toolbox configuration but no dedicated ID path; planned MI300A allocation is not a completed result","Freeze software commit/configuration before campaign and attach raw results after execution"
app-feelpp-hifimagnet-inverse,23,chapters/applications/specs/app-feelpp-hifimagnet-inverse.tex,"C. Prud'homme; V. Chabannes","WP1, WP2, WP3, WP4, WP6",extended-mini-app,"Feel++; PETSc/TAO; HPDDM",spec-only,"multi-node; multi-gpu; full-system; method-verification; solver-scaling; ensemble-mode","Taylor-gradient-test; parameter-recovery-error; observation-misfit; identifiability; time-to-inference; strong-scalability; weak-scalability",https://github.com/numpex/apps-feelpp,,"No dedicated implementation path or reviewed tex_url supplied","Provide reviewed mathematical specification and implementation evidence"
app-feelpp-hifimagnet-optcontrol,24,chapters/applications/specs/app-feelpp-hifimagnet-optcontrol.tex,"C. Prud'homme; V. Chabannes","WP1, WP2, WP3, WP5, WP6",extended-mini-app,"Feel++; PETSc/TAO; HPDDM; Sage-HPC",spec-only,"multi-node; multi-gpu; full-system; solver-scaling; ensemble-mode","Taylor-gradient-test; target-field-error; electrical-power; peak-temperature; constraint-violation; KKT-residual; time-to-optimum; strong-scalability; weak-scalability",https://github.com/numpex/apps-feelpp,,"No dedicated implementation path or reviewed tex_url supplied","Provide reviewed mathematical specification and implementation evidence"
app-feelpp-discr-2,,chapters/applications/specs/app-feelpp-discr-2.tex,"V. Chabannes; C. Prud'homme","WP1, WP3, WP4",extended-mini-app,"Feel++; PETSc",repository-only,"method-verification; solver-scaling; fluid-dynamics","benchmark-verification; strong-scalability; weak-scalability",https://github.com/numpex/apps-feelpp,,"Present in LaTeX but absent from Applications tab","Do not delete; Sheet/editorial owner must decide whether to register archive or supersede"
